{
  "ABIRoot": {
    "kind": "Root",
    "name": "TopLevel",
    "printedName": "TopLevel",
    "children": [
      {
        "kind": "Import",
        "name": "Foundation",
        "printedName": "Foundation",
        "declKind": "Import",
        "moduleName": "pdfx"
      },
      {
        "kind": "Import",
        "name": "Flutter",
        "printedName": "Flutter",
        "declKind": "Import",
        "moduleName": "pdfx"
      },
      {
        "kind": "Import",
        "name": "UIKit",
        "printedName": "UIKit",
        "declKind": "Import",
        "moduleName": "pdfx"
      },
      {
        "kind": "Import",
        "name": "CoreGraphics",
        "printedName": "CoreGraphics",
        "declKind": "Import",
        "moduleName": "pdfx"
      },
      {
        "kind": "TypeDecl",
        "name": "SwiftPdfxPlugin",
        "printedName": "SwiftPdfxPlugin",
        "children": [
          {
            "kind": "Function",
            "name": "register",
            "printedName": "register(with:)",
            "children": [
              {
                "kind": "TypeNominal",
                "name": "Void",
                "printedName": "()"
              },
              {
                "kind": "TypeNominal",
                "name": "FlutterPluginRegistrar",
                "printedName": "Flutter.FlutterPluginRegistrar",
                "usr": "c:objc(pl)FlutterPluginRegistrar"
              }
            ],
            "declKind": "Func",
            "usr": "c:@M@pdfx@objc(cs)SwiftPdfxPlugin(cm)registerWithRegistrar:",
            "mangledName": "$s4pdfx15SwiftPdfxPluginC8register4withySo07FlutterD9Registrar_p_tFZ",
            "moduleName": "pdfx",
            "static": true,
            "objc_name": "registerWithRegistrar:",
            "declAttributes": [
              "Final",
              "ObjC",
              "AccessControl"
            ],
            "funcSelfKind": "NonMutating"
          },
          {
            "kind": "Function",
            "name": "openDocumentDataMessage",
            "printedName": "openDocumentDataMessage(_:completion:)",
            "children": [
              {
                "kind": "TypeNominal",
                "name": "Void",
                "printedName": "()"
              },
              {
                "kind": "TypeNominal",
                "name": "Optional",
                "printedName": "pdfx.OpenDataMessage?",
                "children": [
                  {
                    "kind": "TypeNominal",
                    "name": "OpenDataMessage",
                    "printedName": "pdfx.OpenDataMessage",
                    "usr": "c:objc(cs)OpenDataMessage"
                  }
                ],
                "usr": "s:Sq"
              },
              {
                "kind": "TypeFunc",
                "name": "Function",
                "printedName": "(pdfx.OpenReply?, Flutter.FlutterError?) -> ()",
                "children": [
                  {
                    "kind": "TypeNominal",
                    "name": "Void",
                    "printedName": "()"
                  },
                  {
                    "kind": "TypeNominal",
                    "name": "Tuple",
                    "printedName": "(pdfx.OpenReply?, Flutter.FlutterError?)",
                    "children": [
                      {
                        "kind": "TypeNominal",
                        "name": "Optional",
                        "printedName": "pdfx.OpenReply?",
                        "children": [
                          {
                            "kind": "TypeNominal",
                            "name": "OpenReply",
                            "printedName": "pdfx.OpenReply",
                            "usr": "c:objc(cs)OpenReply"
                          }
                        ],
                        "usr": "s:Sq"
                      },
                      {
                        "kind": "TypeNominal",
                        "name": "Optional",
                        "printedName": "Flutter.FlutterError?",
                        "children": [
                          {
                            "kind": "TypeNominal",
                            "name": "FlutterError",
                            "printedName": "Flutter.FlutterError",
                            "usr": "c:objc(cs)FlutterError"
                          }
                        ],
                        "usr": "s:Sq"
                      }
                    ]
                  }
                ]
              }
            ],
            "declKind": "Func",
            "usr": "c:@M@pdfx@objc(cs)SwiftPdfxPlugin(im)openDocumentDataMessage:completion:",
            "mangledName": "$s4pdfx15SwiftPdfxPluginC23openDocumentDataMessage_10completionySo04OpengH0CSg_ySo0J5ReplyCSg_So12FlutterErrorCSgtctF",
            "moduleName": "pdfx",
            "objc_name": "openDocumentDataMessage:completion:",
            "declAttributes": [
              "ObjC",
              "AccessControl"
            ],
            "funcSelfKind": "NonMutating"
          },
          {
            "kind": "Function",
            "name": "openDocumentFileMessage",
            "printedName": "openDocumentFileMessage(_:completion:)",
            "children": [
              {
                "kind": "TypeNominal",
                "name": "Void",
                "printedName": "()"
              },
              {
                "kind": "TypeNominal",
                "name": "Optional",
                "printedName": "pdfx.OpenPathMessage?",
                "children": [
                  {
                    "kind": "TypeNominal",
                    "name": "OpenPathMessage",
                    "printedName": "pdfx.OpenPathMessage",
                    "usr": "c:objc(cs)OpenPathMessage"
                  }
                ],
                "usr": "s:Sq"
              },
              {
                "kind": "TypeFunc",
                "name": "Function",
                "printedName": "(pdfx.OpenReply?, Flutter.FlutterError?) -> ()",
                "children": [
                  {
                    "kind": "TypeNominal",
                    "name": "Void",
                    "printedName": "()"
                  },
                  {
                    "kind": "TypeNominal",
                    "name": "Tuple",
                    "printedName": "(pdfx.OpenReply?, Flutter.FlutterError?)",
                    "children": [
                      {
                        "kind": "TypeNominal",
                        "name": "Optional",
                        "printedName": "pdfx.OpenReply?",
                        "children": [
                          {
                            "kind": "TypeNominal",
                            "name": "OpenReply",
                            "printedName": "pdfx.OpenReply",
                            "usr": "c:objc(cs)OpenReply"
                          }
                        ],
                        "usr": "s:Sq"
                      },
                      {
                        "kind": "TypeNominal",
                        "name": "Optional",
                        "printedName": "Flutter.FlutterError?",
                        "children": [
                          {
                            "kind": "TypeNominal",
                            "name": "FlutterError",
                            "printedName": "Flutter.FlutterError",
                            "usr": "c:objc(cs)FlutterError"
                          }
                        ],
                        "usr": "s:Sq"
                      }
                    ]
                  }
                ]
              }
            ],
            "declKind": "Func",
            "usr": "c:@M@pdfx@objc(cs)SwiftPdfxPlugin(im)openDocumentFileMessage:completion:",
            "mangledName": "$s4pdfx15SwiftPdfxPluginC23openDocumentFileMessage_10completionySo08OpenPathH0CSg_ySo0J5ReplyCSg_So12FlutterErrorCSgtctF",
            "moduleName": "pdfx",
            "objc_name": "openDocumentFileMessage:completion:",
            "declAttributes": [
              "ObjC",
              "AccessControl"
            ],
            "funcSelfKind": "NonMutating"
          },
          {
            "kind": "Function",
            "name": "openDocumentAssetMessage",
            "printedName": "openDocumentAssetMessage(_:completion:)",
            "children": [
              {
                "kind": "TypeNominal",
                "name": "Void",
                "printedName": "()"
              },
              {
                "kind": "TypeNominal",
                "name": "Optional",
                "printedName": "pdfx.OpenPathMessage?",
                "children": [
                  {
                    "kind": "TypeNominal",
                    "name": "OpenPathMessage",
                    "printedName": "pdfx.OpenPathMessage",
                    "usr": "c:objc(cs)OpenPathMessage"
                  }
                ],
                "usr": "s:Sq"
              },
              {
                "kind": "TypeFunc",
                "name": "Function",
                "printedName": "(pdfx.OpenReply?, Flutter.FlutterError?) -> ()",
                "children": [
                  {
                    "kind": "TypeNominal",
                    "name": "Void",
                    "printedName": "()"
                  },
                  {
                    "kind": "TypeNominal",
                    "name": "Tuple",
                    "printedName": "(pdfx.OpenReply?, Flutter.FlutterError?)",
                    "children": [
                      {
                        "kind": "TypeNominal",
                        "name": "Optional",
                        "printedName": "pdfx.OpenReply?",
                        "children": [
                          {
                            "kind": "TypeNominal",
                            "name": "OpenReply",
                            "printedName": "pdfx.OpenReply",
                            "usr": "c:objc(cs)OpenReply"
                          }
                        ],
                        "usr": "s:Sq"
                      },
                      {
                        "kind": "TypeNominal",
                        "name": "Optional",
                        "printedName": "Flutter.FlutterError?",
                        "children": [
                          {
                            "kind": "TypeNominal",
                            "name": "FlutterError",
                            "printedName": "Flutter.FlutterError",
                            "usr": "c:objc(cs)FlutterError"
                          }
                        ],
                        "usr": "s:Sq"
                      }
                    ]
                  }
                ]
              }
            ],
            "declKind": "Func",
            "usr": "c:@M@pdfx@objc(cs)SwiftPdfxPlugin(im)openDocumentAssetMessage:completion:",
            "mangledName": "$s4pdfx15SwiftPdfxPluginC24openDocumentAssetMessage_10completionySo08OpenPathH0CSg_ySo0J5ReplyCSg_So12FlutterErrorCSgtctF",
            "moduleName": "pdfx",
            "objc_name": "openDocumentAssetMessage:completion:",
            "declAttributes": [
              "ObjC",
              "AccessControl"
            ],
            "funcSelfKind": "NonMutating"
          },
          {
            "kind": "Function",
            "name": "closeDocumentMessage",
            "printedName": "closeDocumentMessage(_:error:)",
            "children": [
              {
                "kind": "TypeNominal",
                "name": "Void",
                "printedName": "()"
              },
              {
                "kind": "TypeNominal",
                "name": "IdMessage",
                "printedName": "pdfx.IdMessage",
                "usr": "c:objc(cs)IdMessage"
              },
              {
                "kind": "TypeNominal",
                "name": "AutoreleasingUnsafeMutablePointer",
                "printedName": "Swift.AutoreleasingUnsafeMutablePointer<Flutter.FlutterError?>",
                "children": [
                  {
                    "kind": "TypeNominal",
                    "name": "Optional",
                    "printedName": "Flutter.FlutterError?",
                    "children": [
                      {
                        "kind": "TypeNominal",
                        "name": "FlutterError",
                        "printedName": "Flutter.FlutterError",
                        "usr": "c:objc(cs)FlutterError"
                      }
                    ],
                    "usr": "s:Sq"
                  }
                ],
                "usr": "s:SA"
              }
            ],
            "declKind": "Func",
            "usr": "c:@M@pdfx@objc(cs)SwiftPdfxPlugin(im)closeDocumentMessage:error:",
            "mangledName": "$s4pdfx15SwiftPdfxPluginC20closeDocumentMessage_5errorySo02IdG0C_SAySo12FlutterErrorCSgGtF",
            "moduleName": "pdfx",
            "objc_name": "closeDocumentMessage:error:",
            "declAttributes": [
              "ObjC",
              "AccessControl"
            ],
            "funcSelfKind": "NonMutating"
          },
          {
            "kind": "Function",
            "name": "getPageMessage",
            "printedName": "getPageMessage(_:completion:)",
            "children": [
              {
                "kind": "TypeNominal",
                "name": "Void",
                "printedName": "()"
              },
              {
                "kind": "TypeNominal",
                "name": "Optional",
                "printedName": "pdfx.GetPageMessage?",
                "children": [
                  {
                    "kind": "TypeNominal",
                    "name": "GetPageMessage",
                    "printedName": "pdfx.GetPageMessage",
                    "usr": "c:objc(cs)GetPageMessage"
                  }
                ],
                "usr": "s:Sq"
              },
              {
                "kind": "TypeFunc",
                "name": "Function",
                "printedName": "(pdfx.GetPageReply?, Flutter.FlutterError?) -> ()",
                "children": [
                  {
                    "kind": "TypeNominal",
                    "name": "Void",
                    "printedName": "()"
                  },
                  {
                    "kind": "TypeNominal",
                    "name": "Tuple",
                    "printedName": "(pdfx.GetPageReply?, Flutter.FlutterError?)",
                    "children": [
                      {
                        "kind": "TypeNominal",
                        "name": "Optional",
                        "printedName": "pdfx.GetPageReply?",
                        "children": [
                          {
                            "kind": "TypeNominal",
                            "name": "GetPageReply",
                            "printedName": "pdfx.GetPageReply",
                            "usr": "c:objc(cs)GetPageReply"
                          }
                        ],
                        "usr": "s:Sq"
                      },
                      {
                        "kind": "TypeNominal",
                        "name": "Optional",
                        "printedName": "Flutter.FlutterError?",
                        "children": [
                          {
                            "kind": "TypeNominal",
                            "name": "FlutterError",
                            "printedName": "Flutter.FlutterError",
                            "usr": "c:objc(cs)FlutterError"
                          }
                        ],
                        "usr": "s:Sq"
                      }
                    ]
                  }
                ]
              }
            ],
            "declKind": "Func",
            "usr": "c:@M@pdfx@objc(cs)SwiftPdfxPlugin(im)getPageMessage:completion:",
            "mangledName": "$s4pdfx15SwiftPdfxPluginC14getPageMessage_10completionySo03GetfG0CSg_ySo0iF5ReplyCSg_So12FlutterErrorCSgtctF",
            "moduleName": "pdfx",
            "objc_name": "getPageMessage:completion:",
            "declAttributes": [
              "ObjC",
              "AccessControl"
            ],
            "funcSelfKind": "NonMutating"
          },
          {
            "kind": "Function",
            "name": "renderPageMessage",
            "printedName": "renderPageMessage(_:completion:)",
            "children": [
              {
                "kind": "TypeNominal",
                "name": "Void",
                "printedName": "()"
              },
              {
                "kind": "TypeNominal",
                "name": "Optional",
                "printedName": "pdfx.RenderPageMessage?",
                "children": [
                  {
                    "kind": "TypeNominal",
                    "name": "RenderPageMessage",
                    "printedName": "pdfx.RenderPageMessage",
                    "usr": "c:objc(cs)RenderPageMessage"
                  }
                ],
                "usr": "s:Sq"
              },
              {
                "kind": "TypeFunc",
                "name": "Function",
                "printedName": "(pdfx.RenderPageReply?, Flutter.FlutterError?) -> ()",
                "children": [
                  {
                    "kind": "TypeNominal",
                    "name": "Void",
                    "printedName": "()"
                  },
                  {
                    "kind": "TypeNominal",
                    "name": "Tuple",
                    "printedName": "(pdfx.RenderPageReply?, Flutter.FlutterError?)",
                    "children": [
                      {
                        "kind": "TypeNominal",
                        "name": "Optional",
                        "printedName": "pdfx.RenderPageReply?",
                        "children": [
                          {
                            "kind": "TypeNominal",
                            "name": "RenderPageReply",
                            "printedName": "pdfx.RenderPageReply",
                            "usr": "c:objc(cs)RenderPageReply"
                          }
                        ],
                        "usr": "s:Sq"
                      },
                      {
                        "kind": "TypeNominal",
                        "name": "Optional",
                        "printedName": "Flutter.FlutterError?",
                        "children": [
                          {
                            "kind": "TypeNominal",
                            "name": "FlutterError",
                            "printedName": "Flutter.FlutterError",
                            "usr": "c:objc(cs)FlutterError"
                          }
                        ],
                        "usr": "s:Sq"
                      }
                    ]
                  }
                ]
              }
            ],
            "declKind": "Func",
            "usr": "c:@M@pdfx@objc(cs)SwiftPdfxPlugin(im)renderPageMessage:completion:",
            "mangledName": "$s4pdfx15SwiftPdfxPluginC17renderPageMessage_10completionySo06RenderfG0CSg_ySo0iF5ReplyCSg_So12FlutterErrorCSgtctF",
            "moduleName": "pdfx",
            "objc_name": "renderPageMessage:completion:",
            "declAttributes": [
              "ObjC",
              "AccessControl"
            ],
            "funcSelfKind": "NonMutating"
          },
          {
            "kind": "Function",
            "name": "closePageMessage",
            "printedName": "closePageMessage(_:error:)",
            "children": [
              {
                "kind": "TypeNominal",
                "name": "Void",
                "printedName": "()"
              },
              {
                "kind": "TypeNominal",
                "name": "IdMessage",
                "printedName": "pdfx.IdMessage",
                "usr": "c:objc(cs)IdMessage"
              },
              {
                "kind": "TypeNominal",
                "name": "AutoreleasingUnsafeMutablePointer",
                "printedName": "Swift.AutoreleasingUnsafeMutablePointer<Flutter.FlutterError?>",
                "children": [
                  {
                    "kind": "TypeNominal",
                    "name": "Optional",
                    "printedName": "Flutter.FlutterError?",
                    "children": [
                      {
                        "kind": "TypeNominal",
                        "name": "FlutterError",
                        "printedName": "Flutter.FlutterError",
                        "usr": "c:objc(cs)FlutterError"
                      }
                    ],
                    "usr": "s:Sq"
                  }
                ],
                "usr": "s:SA"
              }
            ],
            "declKind": "Func",
            "usr": "c:@M@pdfx@objc(cs)SwiftPdfxPlugin(im)closePageMessage:error:",
            "mangledName": "$s4pdfx15SwiftPdfxPluginC16closePageMessage_5errorySo02IdG0C_SAySo12FlutterErrorCSgGtF",
            "moduleName": "pdfx",
            "objc_name": "closePageMessage:error:",
            "declAttributes": [
              "ObjC",
              "AccessControl"
            ],
            "funcSelfKind": "NonMutating"
          },
          {
            "kind": "Function",
            "name": "registerTextureWithError",
            "printedName": "registerTextureWithError(_:)",
            "children": [
              {
                "kind": "TypeNominal",
                "name": "Optional",
                "printedName": "pdfx.RegisterTextureReply?",
                "children": [
                  {
                    "kind": "TypeNominal",
                    "name": "RegisterTextureReply",
                    "printedName": "pdfx.RegisterTextureReply",
                    "usr": "c:objc(cs)RegisterTextureReply"
                  }
                ],
                "usr": "s:Sq"
              },
              {
                "kind": "TypeNominal",
                "name": "AutoreleasingUnsafeMutablePointer",
                "printedName": "Swift.AutoreleasingUnsafeMutablePointer<Flutter.FlutterError?>",
                "children": [
                  {
                    "kind": "TypeNominal",
                    "name": "Optional",
                    "printedName": "Flutter.FlutterError?",
                    "children": [
                      {
                        "kind": "TypeNominal",
                        "name": "FlutterError",
                        "printedName": "Flutter.FlutterError",
                        "usr": "c:objc(cs)FlutterError"
                      }
                    ],
                    "usr": "s:Sq"
                  }
                ],
                "usr": "s:SA"
              }
            ],
            "declKind": "Func",
            "usr": "c:@M@pdfx@objc(cs)SwiftPdfxPlugin(im)registerTextureWithError:",
            "mangledName": "$s4pdfx15SwiftPdfxPluginC24registerTextureWithErrorySo08RegisterF5ReplyCSgSAySo07FlutterH0CSgGF",
            "moduleName": "pdfx",
            "objc_name": "registerTextureWithError:",
            "declAttributes": [
              "ObjC",
              "AccessControl"
            ],
            "funcSelfKind": "NonMutating"
          },
          {
            "kind": "Function",
            "name": "unregisterTextureMessage",
            "printedName": "unregisterTextureMessage(_:error:)",
            "children": [
              {
                "kind": "TypeNominal",
                "name": "Void",
                "printedName": "()"
              },
              {
                "kind": "TypeNominal",
                "name": "UnregisterTextureMessage",
                "printedName": "pdfx.UnregisterTextureMessage",
                "usr": "c:objc(cs)UnregisterTextureMessage"
              },
              {
                "kind": "TypeNominal",
                "name": "AutoreleasingUnsafeMutablePointer",
                "printedName": "Swift.AutoreleasingUnsafeMutablePointer<Flutter.FlutterError?>",
                "children": [
                  {
                    "kind": "TypeNominal",
                    "name": "Optional",
                    "printedName": "Flutter.FlutterError?",
                    "children": [
                      {
                        "kind": "TypeNominal",
                        "name": "FlutterError",
                        "printedName": "Flutter.FlutterError",
                        "usr": "c:objc(cs)FlutterError"
                      }
                    ],
                    "usr": "s:Sq"
                  }
                ],
                "usr": "s:SA"
              }
            ],
            "declKind": "Func",
            "usr": "c:@M@pdfx@objc(cs)SwiftPdfxPlugin(im)unregisterTextureMessage:error:",
            "mangledName": "$s4pdfx15SwiftPdfxPluginC24unregisterTextureMessage_5errorySo010UnregisterfG0C_SAySo12FlutterErrorCSgGtF",
            "moduleName": "pdfx",
            "objc_name": "unregisterTextureMessage:error:",
            "declAttributes": [
              "ObjC",
              "AccessControl"
            ],
            "funcSelfKind": "NonMutating"
          },
          {
            "kind": "Function",
            "name": "resizeTextureMessage",
            "printedName": "resizeTextureMessage(_:completion:)",
            "children": [
              {
                "kind": "TypeNominal",
                "name": "Void",
                "printedName": "()"
              },
              {
                "kind": "TypeNominal",
                "name": "Optional",
                "printedName": "pdfx.ResizeTextureMessage?",
                "children": [
                  {
                    "kind": "TypeNominal",
                    "name": "ResizeTextureMessage",
                    "printedName": "pdfx.ResizeTextureMessage",
                    "usr": "c:objc(cs)ResizeTextureMessage"
                  }
                ],
                "usr": "s:Sq"
              },
              {
                "kind": "TypeFunc",
                "name": "Function",
                "printedName": "(Flutter.FlutterError?) -> ()",
                "children": [
                  {
                    "kind": "TypeNominal",
                    "name": "Void",
                    "printedName": "()"
                  },
                  {
                    "kind": "TypeNominal",
                    "name": "Optional",
                    "printedName": "Flutter.FlutterError?",
                    "children": [
                      {
                        "kind": "TypeNominal",
                        "name": "FlutterError",
                        "printedName": "Flutter.FlutterError",
                        "usr": "c:objc(cs)FlutterError"
                      }
                    ],
                    "usr": "s:Sq"
                  }
                ]
              }
            ],
            "declKind": "Func",
            "usr": "c:@M@pdfx@objc(cs)SwiftPdfxPlugin(im)resizeTextureMessage:completion:",
            "mangledName": "$s4pdfx15SwiftPdfxPluginC20resizeTextureMessage_10completionySo06ResizefG0CSg_ySo12FlutterErrorCSgctF",
            "moduleName": "pdfx",
            "objc_name": "resizeTextureMessage:completion:",
            "declAttributes": [
              "ObjC",
              "AccessControl"
            ],
            "funcSelfKind": "NonMutating"
          },
          {
            "kind": "Function",
            "name": "updateTextureMessage",
            "printedName": "updateTextureMessage(_:completion:)",
            "children": [
              {
                "kind": "TypeNominal",
                "name": "Void",
                "printedName": "()"
              },
              {
                "kind": "TypeNominal",
                "name": "Optional",
                "printedName": "pdfx.UpdateTextureMessage?",
                "children": [
                  {
                    "kind": "TypeNominal",
                    "name": "UpdateTextureMessage",
                    "printedName": "pdfx.UpdateTextureMessage",
                    "usr": "c:objc(cs)UpdateTextureMessage"
                  }
                ],
                "usr": "s:Sq"
              },
              {
                "kind": "TypeFunc",
                "name": "Function",
                "printedName": "(Flutter.FlutterError?) -> ()",
                "children": [
                  {
                    "kind": "TypeNominal",
                    "name": "Void",
                    "printedName": "()"
                  },
                  {
                    "kind": "TypeNominal",
                    "name": "Optional",
                    "printedName": "Flutter.FlutterError?",
                    "children": [
                      {
                        "kind": "TypeNominal",
                        "name": "FlutterError",
                        "printedName": "Flutter.FlutterError",
                        "usr": "c:objc(cs)FlutterError"
                      }
                    ],
                    "usr": "s:Sq"
                  }
                ]
              }
            ],
            "declKind": "Func",
            "usr": "c:@M@pdfx@objc(cs)SwiftPdfxPlugin(im)updateTextureMessage:completion:",
            "mangledName": "$s4pdfx15SwiftPdfxPluginC20updateTextureMessage_10completionySo06UpdatefG0CSg_ySo12FlutterErrorCSgctF",
            "moduleName": "pdfx",
            "objc_name": "updateTextureMessage:completion:",
            "declAttributes": [
              "ObjC",
              "AccessControl"
            ],
            "funcSelfKind": "NonMutating"
          },
          {
            "kind": "Constructor",
            "name": "init",
            "printedName": "init()",
            "children": [
              {
                "kind": "TypeNominal",
                "name": "SwiftPdfxPlugin",
                "printedName": "pdfx.SwiftPdfxPlugin",
                "usr": "c:@M@pdfx@objc(cs)SwiftPdfxPlugin"
              }
            ],
            "declKind": "Constructor",
            "usr": "c:@M@pdfx@objc(cs)SwiftPdfxPlugin(im)init",
            "mangledName": "$s4pdfx15SwiftPdfxPluginCACycfc",
            "moduleName": "pdfx",
            "overriding": true,
            "implicit": true,
            "objc_name": "init",
            "declAttributes": [
              "Dynamic",
              "ObjC",
              "Override"
            ],
            "init_kind": "Designated"
          }
        ],
        "declKind": "Class",
        "usr": "c:@M@pdfx@objc(cs)SwiftPdfxPlugin",
        "mangledName": "$s4pdfx15SwiftPdfxPluginC",
        "moduleName": "pdfx",
        "declAttributes": [
          "AccessControl",
          "ObjC"
        ],
        "superclassUsr": "c:objc(cs)NSObject",
        "hasMissingDesignatedInitializers": true,
        "superclassNames": [
          "ObjectiveC.NSObject"
        ],
        "conformances": [
          {
            "kind": "Conformance",
            "name": "Equatable",
            "printedName": "Equatable",
            "usr": "s:SQ",
            "mangledName": "$sSQ"
          },
          {
            "kind": "Conformance",
            "name": "Hashable",
            "printedName": "Hashable",
            "usr": "s:SH",
            "mangledName": "$sSH"
          },
          {
            "kind": "Conformance",
            "name": "CVarArg",
            "printedName": "CVarArg",
            "usr": "s:s7CVarArgP",
            "mangledName": "$ss7CVarArgP"
          },
          {
            "kind": "Conformance",
            "name": "_KeyValueCodingAndObservingPublishing",
            "printedName": "_KeyValueCodingAndObservingPublishing",
            "usr": "s:10Foundation37_KeyValueCodingAndObservingPublishingP",
            "mangledName": "$s10Foundation37_KeyValueCodingAndObservingPublishingP"
          },
          {
            "kind": "Conformance",
            "name": "_KeyValueCodingAndObserving",
            "printedName": "_KeyValueCodingAndObserving",
            "usr": "s:10Foundation27_KeyValueCodingAndObservingP",
            "mangledName": "$s10Foundation27_KeyValueCodingAndObservingP"
          },
          {
            "kind": "Conformance",
            "name": "CustomStringConvertible",
            "printedName": "CustomStringConvertible",
            "usr": "s:s23CustomStringConvertibleP",
            "mangledName": "$ss23CustomStringConvertibleP"
          },
          {
            "kind": "Conformance",
            "name": "CustomDebugStringConvertible",
            "printedName": "CustomDebugStringConvertible",
            "usr": "s:s28CustomDebugStringConvertibleP",
            "mangledName": "$ss28CustomDebugStringConvertibleP"
          }
        ]
      }
    ],
    "json_format_version": 8
  },
  "ConstValues": [
    {
      "filePath": "\/Users\/des00579\/Library\/flutter\/.pub-cache\/git\/tiki_flutter_lib-3f004f21ec94aa09dcdd2f2d835666d4ca153c7b\/ios\/Classes\/Document.swift",
      "kind": "StringLiteral",
      "offset": 1524,
      "length": 9,
      "value": "\"#ffffff\""
    },
    {
      "filePath": "\/Users\/des00579\/Library\/flutter\/.pub-cache\/git\/tiki_flutter_lib-3f004f21ec94aa09dcdd2f2d835666d4ca153c7b\/ios\/Classes\/Document.swift",
      "kind": "IntegerLiteral",
      "offset": 7585,
      "length": 1,
      "value": "0"
    },
    {
      "filePath": "\/Users\/des00579\/Library\/flutter\/.pub-cache\/git\/tiki_flutter_lib-3f004f21ec94aa09dcdd2f2d835666d4ca153c7b\/ios\/Classes\/Document.swift",
      "kind": "IntegerLiteral",
      "offset": 7602,
      "length": 1,
      "value": "1"
    },
    {
      "filePath": "\/Users\/des00579\/Library\/flutter\/.pub-cache\/git\/tiki_flutter_lib-3f004f21ec94aa09dcdd2f2d835666d4ca153c7b\/ios\/Classes\/Document.swift",
      "kind": "IntegerLiteral",
      "offset": 7585,
      "length": 1,
      "value": "0"
    },
    {
      "filePath": "\/Users\/des00579\/Library\/flutter\/.pub-cache\/git\/tiki_flutter_lib-3f004f21ec94aa09dcdd2f2d835666d4ca153c7b\/ios\/Classes\/Document.swift",
      "kind": "IntegerLiteral",
      "offset": 7602,
      "length": 1,
      "value": "1"
    },
    {
      "filePath": "\/Users\/des00579\/Library\/flutter\/.pub-cache\/git\/tiki_flutter_lib-3f004f21ec94aa09dcdd2f2d835666d4ca153c7b\/ios\/Classes\/Document.swift",
      "kind": "IntegerLiteral",
      "offset": 7585,
      "length": 1,
      "value": "0"
    },
    {
      "filePath": "\/Users\/des00579\/Library\/flutter\/.pub-cache\/git\/tiki_flutter_lib-3f004f21ec94aa09dcdd2f2d835666d4ca153c7b\/ios\/Classes\/Document.swift",
      "kind": "IntegerLiteral",
      "offset": 7602,
      "length": 1,
      "value": "1"
    },
    {
      "filePath": "\/Users\/des00579\/Library\/flutter\/.pub-cache\/git\/tiki_flutter_lib-3f004f21ec94aa09dcdd2f2d835666d4ca153c7b\/ios\/Classes\/Resources.swift",
      "kind": "Dictionary",
      "offset": 106,
      "length": 3,
      "value": "[]"
    },
    {
      "filePath": "\/Users\/des00579\/Library\/flutter\/.pub-cache\/git\/tiki_flutter_lib-3f004f21ec94aa09dcdd2f2d835666d4ca153c7b\/ios\/Classes\/SwiftPdfxPlugin.swift",
      "kind": "IntegerLiteral",
      "offset": 274,
      "length": 2,
      "value": "1"
    },
    {
      "filePath": "\/Users\/des00579\/Library\/flutter\/.pub-cache\/git\/tiki_flutter_lib-3f004f21ec94aa09dcdd2f2d835666d4ca153c7b\/ios\/Classes\/SwiftPdfxPlugin.swift",
      "kind": "StringLiteral",
      "offset": 319,
      "length": 22,
      "value": "\"io.scer.pdf_renderer\""
    },
    {
      "filePath": "\/Users\/des00579\/Library\/flutter\/.pub-cache\/git\/tiki_flutter_lib-3f004f21ec94aa09dcdd2f2d835666d4ca153c7b\/ios\/Classes\/SwiftPdfxPlugin.swift",
      "kind": "Dictionary",
      "offset": 462,
      "length": 3,
      "value": "[]"
    },
    {
      "filePath": "\/Users\/des00579\/Library\/flutter\/.pub-cache\/git\/tiki_flutter_lib-3f004f21ec94aa09dcdd2f2d835666d4ca153c7b\/ios\/Classes\/SwiftPdfxPlugin.swift",
      "kind": "StringLiteral",
      "offset": 132,
      "length": 15,
      "value": "\"pdfx.SwiftPdfxPlugin\""
    },
    {
      "filePath": "\/Users\/des00579\/Library\/flutter\/.pub-cache\/git\/tiki_flutter_lib-3f004f21ec94aa09dcdd2f2d835666d4ca153c7b\/ios\/Classes\/SwiftPdfxPlugin.swift",
      "kind": "IntegerLiteral",
      "offset": 11701,
      "length": 1,
      "value": "0"
    },
    {
      "filePath": "\/Users\/des00579\/Library\/flutter\/.pub-cache\/git\/tiki_flutter_lib-3f004f21ec94aa09dcdd2f2d835666d4ca153c7b\/ios\/Classes\/SwiftPdfxPlugin.swift",
      "kind": "IntegerLiteral",
      "offset": 11725,
      "length": 1,
      "value": "0"
    },
    {
      "filePath": "\/Users\/des00579\/Library\/flutter\/.pub-cache\/git\/tiki_flutter_lib-3f004f21ec94aa09dcdd2f2d835666d4ca153c7b\/ios\/Classes\/SwiftPdfxPlugin.swift",
      "kind": "IntegerLiteral",
      "offset": 11750,
      "length": 1,
      "value": "0"
    },
    {
      "filePath": "\/Users\/des00579\/Library\/flutter\/.pub-cache\/git\/tiki_flutter_lib-3f004f21ec94aa09dcdd2f2d835666d4ca153c7b\/ios\/Classes\/SwiftPdfxPlugin.swift",
      "kind": "BooleanLiteral",
      "offset": 12256,
      "length": 4,
      "value": "true"
    },
    {
      "filePath": "\/Users\/des00579\/Library\/flutter\/.pub-cache\/git\/tiki_flutter_lib-3f004f21ec94aa09dcdd2f2d835666d4ca153c7b\/ios\/Classes\/SwiftPdfxPlugin.swift",
      "kind": "StringLiteral",
      "offset": 11576,
      "length": 14,
      "value": "\"pdfx.PdfPageTexture\""
    }
  ]
}